client_id,nps_score,response_time_hrs,escalations,satisfied
1,29,262.55,194.03,0
2,49,255.49,486.87,1
3,57,205.59,44.09,0
4,64,430.57,240.7,1
5,70,365.38,116.55,0
6,58,141.8,457.64,1
7,23,206.32,469.27,1
8,72,484.34,15.28,0
9,90,260.25,308.38,1
10,68,408.22,329.57,1
11,84,315.12,276.83,1
12,84,270.21,207.39,0
13,65,98.65,55.89,0
14,64,74.77,418.63,0
15,30,134.34,91.86,0
16,59,285.07,453.83,1
17,78,448.77,324.97,1
18,77,124.34,133.88,0
19,80,236.16,458.89,1
20,35,117.01,123.9,0
21,80,193.14,125.82,0
22,27,427.6,75.8,0
23,47,267.69,423.06,1
24,26,452.34,44.17,0
25,47,153.2,70.29,0
26,55,228.37,165.94,0
27,22,66.62,450.44,0
28,48,129.63,237.62,0
29,91,432.52,369.59,1
30,33,235.1,317.59,0
31,79,144.22,56.71,0
32,46,255.26,60.05,0
33,26,155.52,16.24,0
34,70,275.38,316.94,1
35,94,324.93,361.38,1
36,73,342.18,446.37,1
37,72,65.89,137.28,0
38,75,449.11,212.89,1
39,36,164.42,250.95,0
40,42,370.15,95.38,0
41,45,324.14,313.16,1
42,21,111.31,40.05,0
43,56,471.18,482.46,1
44,77,139.1,192.04,0
45,57,279.81,464.87,1
46,68,217.62,142.65,0
47,50,24.11,293.16,0
48,54,359.29,278.58,1
49,41,380.23,375.27,1
50,48,169.2,233.78,0
51,37,102.39,178.52,0
52,72,132.71,122.89,0
53,78,73.24,129.33,0
54,86,346.04,72.98,0
55,69,415.54,395.58,1
56,31,218.08,40.89,0
57,50,104.34,212.35,0
58,38,245.59,78.11,0
59,69,450.02,284.09,1
60,46,124.64,22.06,0
61,20,382.71,60.41,0
62,91,21.22,189.48,0
63,66,199.05,48.33,0
64,25,383.74,200.25,1
65,76,258.48,105.02,0
66,54,112.08,344.08,0
67,85,388.14,383.72,1
68,41,239.11,238.39,0
69,28,404.35,460.33,1
70,84,289.35,413.4,1
71,43,187.28,230.06,0
72,87,297.23,58.71,0
73,28,44.6,498.86,0
74,85,166.64,198.08,0
75,59,388.33,172.5,1
76,51,64.79,140.11,0
77,69,134.26,399.34,1
78,26,434.97,28.03,0
79,21,257.11,273.71,0
80,64,424.33,174.57,1
81,59,395.65,397.38,1
82,65,251.81,385.27,1
83,70,281.41,94.53,0
84,41,23.86,259.02,0
85,53,215.6,459.88,1
86,29,385.11,307.76,1
87,29,359.1,329.71,1
88,45,485.42,355.65,1
89,24,101.56,144.42,0
90,24,137.72,67.87,0
91,90,328.13,381.71,1
92,94,115.14,247.71,0
93,77,42.99,89.25,0
94,21,371.36,481.71,1
95,58,434.92,225.97,1
96,48,396.54,354.09,1
97,25,118.01,191.0,0
98,65,95.05,473.36,1
99,74,239.21,360.51,1
100,33,97.68,107.49,0
101,69,374.57,277.04,1
102,47,409.21,106.67,0
103,81,440.33,215.52,1
104,91,154.43,452.34,1
105,38,228.87,376.62,1
106,64,300.33,398.38,1
107,72,487.32,155.89,1
108,94,118.47,12.73,0
109,39,339.55,207.29,0
110,90,341.06,85.64,0
111,56,379.65,145.26,0
112,80,199.84,262.07,0
113,31,305.48,321.71,1
114,20,156.99,321.64,0
115,89,362.05,404.26,1
116,29,277.5,468.93,1
117,71,499.09,230.41,1
118,40,135.88,411.19,0
119,56,12.55,252.25,0
120,50,48.49,106.15,0
121,32,364.48,465.61,1
122,88,59.11,124.23,0
123,91,106.38,189.92,0
124,71,245.62,134.02,0
125,60,52.07,419.08,0
126,63,42.99,363.28,0
127,21,282.47,288.77,0
128,35,310.81,484.99,1
129,64,13.09,249.05,0
130,72,230.71,427.09,1
131,30,274.72,470.13,1
132,22,230.1,198.88,0
133,70,319.7,196.5,0
134,70,359.37,494.36,1
135,83,110.29,222.76,0
136,63,281.19,386.35,1
137,39,29.49,423.04,0
138,24,203.25,408.14,1
139,65,482.18,96.47,1
140,79,370.2,109.83,0
141,35,166.46,480.86,1
142,36,301.03,382.17,1
143,22,271.5,471.0,1
144,56,382.49,37.77,0
145,36,138.91,286.68,0
146,25,406.66,144.71,0
147,39,429.34,172.21,1
148,26,361.71,438.99,1
149,82,17.83,255.43,0
150,63,38.52,110.45,0
151,65,220.79,20.33,0
152,54,10.94,172.86,0
153,71,283.38,79.29,0
154,66,392.59,374.87,1
155,69,89.09,44.38,0
156,93,41.15,335.59,0
157,92,453.77,127.61,1
158,54,362.19,198.64,1
159,82,132.34,483.11,1
160,29,91.01,34.75,0
161,28,465.39,152.8,1
162,57,147.26,307.7,0
163,45,272.69,55.87,0
164,44,363.85,311.59,1
165,90,278.7,375.87,1
166,48,40.67,146.5,0
167,20,449.37,289.98,1
168,87,133.09,428.69,1
169,64,407.96,450.37,1
170,22,255.59,35.33,0
171,85,310.07,399.47,1
172,45,322.7,164.39,0
173,87,448.7,399.77,1
174,54,114.95,201.86,0
175,57,126.62,392.48,0
176,72,338.31,264.78,1
177,38,137.15,491.08,1
178,44,11.39,281.43,0
179,54,118.66,422.4,1
180,54,484.15,140.44,1
181,69,460.74,471.26,1
182,69,356.04,125.62,0
183,81,332.05,242.54,1
184,92,39.45,377.07,0
185,36,271.83,356.18,1
186,38,133.64,102.49,0
187,74,485.93,100.07,1
188,74,383.01,486.79,1
189,61,408.49,149.97,1
190,86,61.4,274.65,0
191,21,466.04,489.13,1
192,89,179.41,440.5,1
193,37,218.82,274.97,0
194,77,334.49,300.46,1
195,80,343.64,313.85,1
196,23,226.93,395.42,1
197,44,323.07,57.5,0
198,60,462.99,345.41,1
199,54,176.52,397.78,1
200,29,328.55,39.46,0
201,21,278.6,243.87,0
202,44,217.06,220.73,0
203,84,475.71,414.32,1
204,83,80.47,376.55,0
205,52,163.85,324.84,0
206,54,145.63,25.4,0
207,76,386.65,76.23,0
208,78,421.99,220.62,1
209,60,93.96,420.47,0
210,22,407.13,393.07,1
211,69,29.92,230.94,0
212,51,108.35,474.91,1
213,61,225.39,410.09,1
214,67,247.42,347.38,1
215,93,303.53,245.58,1
216,80,469.92,80.18,1
217,88,14.02,68.25,0
218,85,263.27,103.22,0
219,88,230.83,66.25,0
220,67,202.8,458.31,1
221,67,474.88,461.14,1
222,83,65.37,369.91,0
223,26,85.42,105.33,0
224,39,176.63,192.21,0
225,56,158.42,316.82,0
226,76,206.79,473.57,1
227,61,189.76,312.52,0
228,43,122.4,288.2,0
229,31,144.63,17.39,0
230,47,200.07,112.39,0
231,61,98.56,122.11,0
232,47,472.23,160.1,1
233,39,167.33,209.75,0
234,60,101.8,470.73,1
235,33,114.81,112.22,0
236,79,414.95,50.64,0
237,44,65.02,391.72,0
238,81,204.25,193.13,0
239,73,267.86,100.35,0
240,28,157.55,248.12,0
241,54,436.87,205.93,1
242,49,437.92,394.72,1
243,32,463.16,103.75,1
244,25,362.1,349.43,1
245,60,423.92,152.5,1
246,63,289.41,84.99,0
247,75,250.18,84.28,0
248,24,419.99,316.26,1
249,57,425.24,195.02,1
250,79,431.57,212.34,1
251,57,221.36,375.47,1
252,36,210.14,324.45,0
253,42,162.14,283.42,0
254,60,70.16,105.48,0
255,82,439.78,471.63,1
256,67,162.88,142.47,0
257,59,259.51,20.31,0
258,37,439.03,406.48,1
259,22,238.73,85.43,0
260,91,125.15,389.49,1
261,71,106.77,243.85,0
262,27,94.77,435.41,0
263,56,67.54,40.04,0
264,42,149.81,290.88,0
265,58,415.29,65.76,0
266,73,307.78,344.33,1
267,61,190.45,422.31,1
268,32,260.81,111.14,0
269,70,405.71,315.87,1
270,48,297.52,393.85,1
271,46,399.01,116.69,0
272,29,284.15,481.45,1
273,79,278.26,317.59,1
274,67,250.06,467.15,1
275,65,328.8,389.52,1
276,20,298.44,343.53,1
277,36,262.94,432.78,1
278,32,31.07,41.35,0
279,60,431.96,38.3,0
280,87,61.21,279.63,0
281,67,128.1,261.38,0
282,72,93.71,352.09,0
283,24,137.51,48.35,0
284,57,295.58,241.06,0
285,20,198.24,288.73,0
286,31,467.67,423.73,1
287,71,87.04,383.17,0
288,53,233.31,52.35,0
289,42,315.11,135.85,0
290,20,357.71,306.13,1
291,80,153.59,471.29,1
292,63,355.03,156.8,0
293,91,97.34,171.11,0
294,89,190.74,435.24,1
295,40,123.97,271.94,0
296,56,208.29,406.48,1
297,20,43.21,350.7,0
298,75,270.77,73.49,0
299,27,382.19,213.4,1
300,70,33.05,247.11,0
301,87,149.76,480.54,1
302,66,261.98,485.29,1
303,25,79.2,60.42,0
304,42,404.69,254.22,1
305,47,115.9,90.97,0
306,89,256.99,421.68,1
307,53,173.3,257.99,0
308,71,344.2,289.42,1
309,85,205.31,472.49,1
310,88,227.78,434.86,1
311,74,297.32,184.7,0
312,56,480.36,47.64,0
313,81,110.91,232.66,0
314,65,92.18,29.28,0
315,38,461.4,122.22,1
316,71,53.3,238.77,0
317,91,285.35,197.54,0
318,36,71.89,431.17,0
319,84,90.03,331.05,0
320,88,51.9,197.43,0
321,26,84.7,283.41,0
322,54,387.44,389.75,1
323,57,47.0,197.65,0
324,47,387.08,20.43,0
325,72,386.85,38.58,0
326,70,134.62,268.63,0
327,90,221.11,97.14,0
328,39,95.78,40.2,0
329,71,124.24,312.82,0
330,52,209.0,92.82,0
331,21,359.27,58.33,0
332,44,339.57,397.33,1
333,28,336.88,483.92,1
334,82,78.0,463.13,1
335,24,64.85,343.8,0
336,93,149.95,230.51,0
337,35,119.58,283.26,0
338,45,227.63,62.86,0
339,24,295.43,392.6,1
340,87,204.48,106.41,0
341,39,229.12,347.11,1
342,26,238.1,31.3,0
343,36,230.96,226.83,0
344,63,324.74,394.54,1
345,59,22.01,233.19,0
346,45,286.49,320.33,1
347,57,115.66,261.78,0
348,87,52.34,120.8,0
349,81,310.69,427.68,1
350,86,158.25,408.3,1
351,42,317.35,121.68,0
352,51,189.35,95.82,0
353,81,194.38,447.97,1
354,69,387.83,214.86,1
355,84,398.73,247.41,1
356,72,457.0,60.92,0
357,25,240.52,156.4,0
358,32,160.8,178.02,0
359,87,245.17,264.98,1
360,37,441.92,300.85,1
361,94,46.77,106.26,0
362,31,212.75,427.02,1
363,37,37.1,438.64,0
364,67,24.64,440.07,0
365,26,192.71,323.7,0
366,60,379.58,375.25,1
367,79,312.28,172.25,0
368,61,411.27,367.62,1
369,43,418.59,436.43,1
370,81,482.76,186.96,1
371,78,298.84,25.78,0
372,85,229.59,99.36,0
373,55,49.75,363.65,0
374,92,305.35,293.14,1
375,76,308.49,284.4,1
376,33,150.02,206.63,0
377,76,50.61,335.72,0
378,74,184.56,303.44,0
379,51,461.26,46.92,0
380,84,431.39,108.64,1
381,22,283.88,214.32,0
382,82,183.51,375.81,1
383,87,145.83,289.02,0
384,75,439.94,448.41,1
385,25,210.58,310.98,0
386,43,163.34,343.13,0
387,69,77.41,35.76,0
388,54,434.26,360.89,1
389,27,310.24,396.26,1
390,35,26.11,341.52,0
391,59,21.3,476.25,0
392,31,61.04,439.24,0
393,94,131.49,194.41,0
394,24,313.95,49.54,0
395,22,453.41,388.02,1
396,61,456.91,62.51,0
397,69,272.65,105.06,0
398,94,338.16,301.82,1
399,34,244.08,191.01,0
400,23,399.98,497.26,1
401,62,216.53,226.94,0
402,50,342.47,151.66,0
403,69,213.56,463.68,1
404,76,184.65,53.85,0
405,26,482.87,471.24,1
406,28,432.11,79.13,0
407,56,232.75,87.04,0
408,24,380.01,425.57,1
409,22,147.39,203.33,0
410,29,183.3,86.81,0
411,23,491.12,410.41,1
412,65,37.35,454.65,0
413,85,415.07,310.15,1
414,55,173.44,243.73,0
415,29,431.31,423.11,1
416,57,420.67,136.43,1
417,77,334.99,260.9,1
418,29,275.48,457.92,1
419,38,185.36,217.66,0
420,25,174.94,491.07,1
421,44,104.43,467.65,1
422,51,376.67,168.24,1
423,41,399.67,366.67,1
424,66,131.67,329.71,0
425,72,474.45,314.38,1
426,44,333.72,482.82,1
427,54,113.85,68.68,0
428,34,296.51,144.07,0
429,46,491.35,16.18,0
430,32,462.65,201.19,1
431,68,374.22,22.54,0
432,78,354.54,339.5,1
433,78,343.56,380.4,1
434,51,70.67,374.77,0
435,48,250.67,126.48,0
436,51,39.83,258.09,0
437,62,251.3,428.07,1
438,42,435.66,126.74,1
439,52,140.21,149.61,0
440,21,56.66,61.97,0
441,62,405.71,15.51,0
442,45,348.83,433.95,1
443,86,152.61,81.67,0
444,51,437.01,461.65,1
445,76,108.48,228.94,0
446,94,348.3,342.42,1
447,48,397.54,355.59,1
448,83,28.48,394.44,0
449,47,161.88,357.97,0
450,86,95.46,318.16,0
451,90,413.66,173.88,1
452,79,114.82,308.9,0
453,55,265.1,434.56,1
454,78,24.29,370.9,0
455,77,140.57,473.34,1
456,75,471.69,467.48,1
457,84,351.85,126.53,0
458,59,14.75,382.4,0
459,71,465.15,263.32,1
460,40,332.19,304.5,1
461,32,452.52,238.46,1
462,92,438.62,60.96,0
463,68,376.45,225.87,1
464,34,450.7,18.81,0
465,55,420.21,431.82,1
466,63,301.89,493.85,1
467,68,345.35,160.04,0
468,56,48.41,92.91,0
469,34,110.84,469.69,1
470,29,257.29,150.53,0
471,90,275.72,50.45,0
472,60,434.24,18.92,0
473,81,163.57,289.63,0
474,71,83.74,487.77,1
475,94,406.12,397.54,1
476,53,75.9,62.86,0
477,28,221.79,262.2,0
478,43,208.35,50.46,0
479,30,249.32,162.18,0
480,55,198.54,388.87,1
481,35,68.51,164.7,0
482,42,46.49,131.34,0
483,48,134.46,387.96,0
484,93,208.8,43.92,0
485,74,156.26,486.47,1
486,91,341.59,121.08,0
487,35,28.54,297.2,0
488,41,158.54,373.57,0
489,89,50.25,489.25,1
490,76,437.29,55.48,0
491,44,461.14,433.27,1
492,66,160.06,379.41,1
493,85,21.79,136.48,0
494,72,400.58,97.24,0
495,86,278.8,410.02,1
496,23,314.29,317.32,1
497,55,279.95,280.84,1
498,36,142.44,196.72,0
499,57,230.01,19.21,0
500,31,362.43,242.7,1
501,61,143.78,432.27,1
502,31,342.7,452.22,1
503,68,165.39,183.26,0
504,58,314.34,484.99,1
505,57,115.48,343.88,0
506,46,180.01,408.79,1
507,88,398.57,365.44,1
508,30,31.71,378.57,0
509,43,223.12,499.38,1
510,62,438.22,384.46,1
511,39,487.79,255.17,1
512,24,27.0,246.15,0
513,35,439.97,166.41,1
514,29,153.46,62.93,0
515,31,260.68,399.01,1
516,66,458.92,290.67,1
517,39,318.25,453.84,1
518,24,18.0,496.87,0
519,34,226.52,118.04,0
520,67,159.04,325.23,0
521,68,79.36,348.49,0
522,63,242.16,264.18,0
523,20,373.66,37.27,0
524,83,308.81,386.21,1
525,85,221.77,489.15,1
526,32,281.77,289.99,1
527,28,456.89,200.71,1
528,30,143.3,46.25,0
529,61,363.42,112.11,0
530,64,265.27,105.22,0
531,47,327.6,442.41,1
532,25,429.22,470.54,1
533,90,250.01,492.32,1
534,37,40.47,391.01,0
535,61,367.88,74.5,0
536,36,160.97,76.52,0
537,32,206.89,368.86,1
538,44,418.15,13.32,0
539,42,26.23,381.98,0
540,48,440.33,29.12,0
541,79,72.39,73.91,0
542,77,382.27,72.99,0
543,76,262.76,118.84,0
544,45,369.56,321.07,1
545,75,255.85,126.92,0
546,75,285.61,342.03,1
547,37,234.6,388.14,1
548,32,297.85,65.1,0
549,89,185.32,130.81,0
550,87,486.54,421.68,1
551,34,187.77,88.56,0
552,42,15.54,153.18,0
553,60,350.69,107.38,0
554,28,151.73,378.71,0
555,92,224.6,399.69,1
556,94,248.99,147.35,0
557,53,266.67,402.81,1
558,32,10.05,179.5,0
559,93,235.62,231.91,0
560,71,34.43,217.51,0
561,92,126.63,275.84,0
562,85,487.48,447.38,1
563,52,437.32,106.11,1
564,74,223.57,357.98,1
565,84,145.47,382.51,1
566,27,70.3,338.12,0
567,65,206.46,247.6,0
568,30,90.34,343.18,0
569,43,107.31,118.24,0
570,75,270.96,141.83,0
571,58,329.3,21.05,0
572,54,275.94,370.83,1
573,21,146.22,127.45,0
574,65,302.72,87.93,0
575,64,302.56,485.55,1
576,22,69.9,160.82,0
577,79,205.8,67.16,0
578,91,130.61,496.78,1
579,83,72.33,340.23,0
580,37,256.29,61.39,0
581,91,25.38,228.2,0
582,60,327.37,287.4,1
583,67,28.28,148.7,0
584,26,316.33,466.39,1
585,92,288.26,32.37,0
586,87,232.01,345.41,1
587,56,73.75,360.55,0
588,55,168.07,219.26,0
589,20,440.01,66.67,0
590,77,77.03,122.07,0
591,31,189.8,217.48,0
592,67,47.31,155.78,0
593,54,108.26,43.78,0
594,81,193.89,472.36,1
595,43,342.38,117.14,0
596,93,105.67,320.51,0
597,33,76.32,85.85,0
598,88,442.02,331.76,1
599,41,194.94,442.41,1
600,78,492.01,433.36,1
601,68,44.77,394.98,0
602,63,227.04,409.2,1
603,71,460.66,365.25,1
604,82,262.51,450.66,1
605,64,269.79,385.91,1
606,86,168.69,318.18,0
607,56,247.88,134.36,0
608,58,467.32,147.58,1
609,29,432.79,461.41,1
610,87,364.42,333.9,1
611,34,320.75,26.18,0
612,89,412.39,236.18,1
613,20,232.4,490.46,1
614,60,205.2,340.65,1
615,24,310.11,63.15,0
616,65,291.34,387.83,1
617,88,468.78,39.58,1
618,34,212.75,88.05,0
619,63,233.15,105.14,0
620,37,363.65,469.35,1
621,26,18.87,464.12,0
622,34,237.55,425.27,1
623,43,401.95,469.36,1
624,93,200.45,33.73,0
625,60,317.64,89.86,0
626,44,277.85,110.35,0
627,20,465.47,300.63,1
628,79,16.04,411.57,0
629,33,110.01,83.94,0
630,63,261.56,335.48,1
631,26,47.89,85.94,0
632,51,431.86,137.77,1
633,60,379.42,277.56,1
634,66,234.01,28.43,0
635,41,279.25,60.31,0
636,91,103.01,321.33,0
637,79,388.85,411.04,1
638,51,333.32,374.87,1
639,55,472.58,371.82,1
640,74,84.43,193.25,0
641,28,286.8,237.46,0
642,20,479.88,123.01,1
643,75,361.74,408.35,1
644,64,256.67,12.08,0
645,42,98.49,110.76,0
646,34,388.71,310.68,1
647,23,23.35,106.36,0
648,73,217.51,451.38,1
649,39,148.27,63.43,0
650,87,191.65,51.76,0
651,36,355.05,252.03,1
652,84,171.51,257.83,0
653,54,99.57,392.04,0
654,42,105.74,368.31,0
655,66,104.85,16.4,0
656,60,341.33,491.48,1
657,83,17.48,484.94,0
658,44,107.42,282.62,0
659,38,240.71,357.99,1
660,45,412.52,237.06,1
661,62,360.85,107.57,0
662,80,202.54,191.03,0
663,89,374.36,362.03,1
664,65,448.01,485.61,1
665,56,49.86,223.85,0
666,81,391.74,377.94,1
667,85,442.77,372.89,1
668,63,255.03,488.04,1
669,88,245.75,15.54,0
670,57,210.54,81.33,0
671,44,482.72,141.04,1
672,58,41.82,182.13,0
673,60,130.95,230.03,0
674,87,48.46,403.62,0
675,53,58.59,257.92,0
676,39,440.48,389.65,1
677,85,299.84,291.38,1
678,49,171.8,469.53,1
679,56,120.06,238.81,0
680,30,265.85,84.24,0
681,87,211.35,266.53,0
682,89,363.8,35.97,0
683,87,366.08,488.89,1
684,82,454.13,273.15,1
685,53,186.46,147.45,0
686,76,425.14,49.53,0
687,46,85.12,274.22,0
688,56,16.59,354.0,0
689,67,133.81,113.18,0
690,38,465.43,271.95,1
691,93,204.3,24.6,0
692,93,453.03,149.87,1
693,40,418.88,246.34,1
694,22,110.48,384.35,0
695,60,121.2,172.79,0
696,41,50.5,315.6,0
697,44,13.57,163.19,0
698,29,178.24,373.27,0
699,88,391.8,279.35,1
700,51,388.46,349.07,1
701,27,196.27,117.35,0
702,30,180.94,410.16,1
703,94,348.37,120.15,0
704,62,434.58,98.95,1
705,38,24.22,304.5,0
706,85,474.29,295.95,1
707,34,274.01,11.54,0
708,91,202.61,244.03,0
709,42,336.0,400.76,1
710,39,359.09,242.08,1
711,25,87.99,286.59,0
712,84,252.51,260.88,1
713,74,176.57,307.87,0
714,53,445.54,447.09,1
715,91,87.68,236.31,0
716,90,82.66,202.11,0
717,60,321.81,10.37,0
718,68,229.03,108.63,0
719,44,340.16,487.32,1
720,59,285.95,164.99,0
721,80,464.07,344.2,1
722,25,103.73,131.77,0
723,29,185.0,336.35,0
724,39,480.15,402.88,1
725,77,257.91,54.46,0
726,79,212.61,18.39,0
727,26,440.74,487.58,1
728,51,175.64,444.79,1
729,73,112.0,360.14,0
730,31,464.52,448.66,1
731,69,354.26,48.82,0
732,32,139.14,496.42,1
733,91,71.11,488.98,1
734,74,445.77,253.54,1
735,20,481.96,400.27,1
736,93,459.34,280.33,1
737,58,342.75,302.68,1
738,58,112.5,130.64,0
739,26,142.33,354.51,0
740,83,156.32,133.11,0
741,55,284.11,20.18,0
742,67,78.5,420.26,0
743,50,489.5,136.98,1
744,94,58.76,334.66,0
745,52,482.04,452.88,1
746,54,236.95,459.79,1
747,68,91.71,200.18,0
748,37,190.74,274.53,0
749,38,278.01,363.03,1
750,75,258.44,351.02,1
751,55,288.43,330.51,1
752,78,370.13,168.19,1
753,78,380.06,109.5,0
754,78,256.11,398.41,1
755,56,417.74,492.83,1
756,28,323.85,50.86,0
757,62,90.07,443.4,1
758,27,445.3,284.02,1
759,85,47.21,69.73,0
760,57,190.93,65.55,0
761,84,385.26,200.54,1
762,25,104.66,47.17,0
763,56,43.3,351.12,0
764,83,403.73,324.42,1
765,91,264.35,346.82,1
766,85,355.29,376.39,1
767,22,268.95,368.86,1
768,45,437.59,254.33,1
769,65,143.02,31.49,0
770,86,492.49,356.93,1
771,53,72.22,337.39,0
772,41,295.68,302.86,1
773,85,279.13,373.91,1
774,66,385.83,193.97,1
775,78,402.47,100.52,0
776,50,388.44,387.84,1
777,71,62.27,109.6,0
778,78,130.79,195.75,0
779,59,289.1,317.61,1
780,71,480.12,81.81,1
781,39,115.56,136.78,0
782,23,186.65,443.58,1
783,52,218.5,271.27,0
784,34,154.48,330.95,0
785,41,197.29,374.59,1
786,80,301.74,306.97,1
787,38,455.91,109.11,1
788,37,443.73,402.19,1
789,43,443.65,347.07,1
790,31,59.7,317.89,0
791,92,449.22,429.41,1
792,60,19.24,214.02,0
793,35,89.11,91.06,0
794,86,401.2,277.03,1
795,60,483.83,151.08,1
796,90,255.24,453.0,1
797,70,459.62,39.14,0
798,42,492.35,89.79,1
799,51,325.84,365.85,1
800,40,411.03,225.33,1
801,26,455.32,150.64,1
802,60,71.86,346.53,0
803,45,478.18,325.33,1
804,53,429.43,445.23,1
805,75,420.01,134.48,1
806,88,215.29,495.54,1
807,87,11.57,100.21,0
808,86,257.61,451.83,1
809,67,294.92,151.78,0
810,33,361.35,101.83,0
811,90,264.94,248.49,1
812,83,80.61,261.78,0
813,85,272.45,272.22,1
814,37,482.88,36.16,0
815,92,411.4,167.83,1
816,38,201.03,370.16,1
817,88,143.86,45.54,0
818,93,375.27,78.96,0
819,42,135.0,148.35,0
820,20,226.97,145.54,0
821,79,343.16,331.88,1
822,39,268.31,382.92,1
823,79,212.45,450.3,1
824,25,173.26,268.36,0
825,59,482.53,425.33,1
826,68,462.11,297.85,1
827,93,435.46,344.55,1
828,26,38.3,351.29,0
829,20,264.18,413.32,1
830,57,100.43,136.1,0
831,86,115.47,81.85,0
832,23,431.23,208.96,1
833,46,289.2,355.1,1
834,25,402.5,147.36,0
835,37,90.36,95.86,0
836,61,103.69,462.4,1
837,55,283.27,69.07,0
838,86,178.74,86.36,0
839,52,201.82,173.6,0
840,21,73.75,72.82,0
841,49,261.36,499.8,1
842,75,59.64,89.47,0
843,34,308.67,61.2,0
844,62,434.17,255.56,1
845,76,37.45,17.35,0
846,85,378.17,285.92,1
847,53,306.84,96.34,0
848,43,432.17,71.62,0
849,62,293.14,107.62,0
850,67,74.75,421.75,0
851,91,211.92,260.0,0
852,31,102.36,203.49,0
853,43,236.67,344.51,1
854,55,415.68,70.01,0
855,43,52.39,54.23,0
856,59,368.57,112.51,0
857,35,132.83,445.64,1
858,59,329.2,477.84,1
859,37,367.34,470.81,1
860,83,121.92,95.68,0
861,36,491.38,377.68,1
862,31,116.74,360.86,0
863,76,155.29,290.93,0
864,67,208.05,46.73,0
865,49,71.44,180.57,0
866,61,167.13,240.28,0
867,82,478.52,20.87,0
868,75,499.43,424.63,1
869,73,223.84,134.38,0
870,88,314.31,109.27,0
871,84,167.86,398.8,1
872,91,304.5,435.45,1
873,92,161.64,462.46,1
874,61,167.19,443.48,1
875,52,63.28,494.58,1
876,29,379.18,494.36,1
877,80,144.09,350.78,0
878,33,306.46,416.64,1
879,36,315.94,55.03,0
880,39,59.12,247.63,0
881,28,406.4,348.16,1
882,71,499.88,166.72,1
883,87,39.55,362.25,0
884,87,238.56,145.69,0
885,38,28.34,55.13,0
886,69,35.3,335.0,0
887,56,54.11,267.05,0
888,33,98.73,376.67,0
889,53,347.22,386.94,1
890,74,452.36,407.09,1
891,26,435.73,43.59,0
892,26,85.41,267.71,0
893,81,68.08,116.79,0
894,46,29.43,50.27,0
895,52,461.12,277.54,1
896,39,397.69,167.99,1
897,34,315.68,102.23,0
898,65,341.79,279.89,1
899,60,15.62,58.11,0
900,74,259.12,332.48,1
901,23,255.04,463.35,1
902,61,256.95,438.29,1
903,68,418.7,41.85,0
904,25,495.39,43.57,0
905,73,145.84,65.85,0
906,91,72.54,313.42,0
907,88,14.49,393.19,0
908,36,193.06,276.19,0
909,77,125.08,194.99,0
910,33,349.37,424.51,1
911,33,180.45,473.55,1
912,79,55.2,281.82,0
913,67,307.19,271.3,1
914,71,306.08,163.7,0
915,28,63.17,213.73,0
916,33,223.09,183.49,0
917,86,52.77,379.61,0
918,82,247.97,193.9,0
919,87,199.15,153.19,0
920,30,258.5,333.42,1
921,75,364.56,498.07,1
922,65,58.27,136.24,0
923,57,40.23,127.29,0
924,87,56.18,422.09,0
925,63,396.98,363.43,1
926,65,298.49,322.57,1
927,66,325.93,301.33,1
928,34,83.43,221.08,0
929,83,357.59,224.0,1
930,37,147.95,455.34,1
931,37,288.82,426.57,1
932,47,496.47,459.92,1
933,82,408.27,184.54,1
934,34,167.47,143.18,0
935,46,412.79,423.82,1
936,53,494.29,187.72,1
937,30,487.93,256.54,1
938,62,347.13,151.24,0
939,23,287.23,223.69,0
940,31,20.17,99.98,0
941,91,357.98,327.69,1
942,41,180.8,384.95,1
943,80,447.58,269.56,1
944,52,141.04,44.91,0
945,82,95.83,77.02,0
946,23,84.78,111.64,0
947,60,248.18,22.66,0
948,73,437.78,227.58,1
949,67,329.09,61.15,0
950,66,205.92,495.01,1
951,92,126.58,72.73,0
952,68,350.42,209.98,1
953,20,433.17,255.26,1
954,40,227.79,392.01,1
955,82,313.39,326.66,1
956,70,353.78,290.01,1
957,76,173.01,22.47,0
958,86,353.06,433.23,1
959,56,13.34,229.95,0
960,28,174.95,463.66,1
961,41,19.07,40.9,0
962,22,492.77,247.49,1
963,30,80.94,417.87,0
964,24,91.18,127.55,0
965,93,370.06,246.56,1
966,79,205.81,330.8,1
967,67,128.42,128.8,0
968,93,397.35,207.77,1
969,48,319.71,63.92,0
970,22,342.13,139.53,0
971,55,450.89,227.72,1
972,45,67.53,169.32,0
973,53,130.15,25.86,0
974,37,457.92,230.15,1
975,47,285.06,155.0,0
976,48,322.97,251.69,1
977,63,390.09,93.76,0
978,92,421.37,11.89,0
979,36,106.83,16.57,0
980,94,58.77,37.58,0
981,29,310.24,247.9,0
982,36,72.08,458.58,0
983,81,390.56,461.09,1
984,49,325.7,66.58,0
985,27,35.7,481.2,0
986,48,216.94,399.98,1
987,21,423.5,187.91,1
988,33,487.07,71.73,0
989,37,298.23,191.7,0
990,79,469.22,352.47,1
991,44,286.34,468.02,1
992,55,42.69,449.08,0
993,28,137.74,429.42,1
994,92,59.18,248.52,0
995,42,122.08,226.83,0
996,40,144.65,480.33,1
997,85,363.04,442.85,1
998,82,40.37,259.31,0
999,51,51.05,181.31,0
1000,41,206.0,189.23,0
1001,24,261.63,250.16,0
1002,30,62.91,192.94,0
1003,37,408.86,24.85,0
1004,51,443.78,91.86,0
1005,22,248.5,321.93,0
1006,49,236.18,371.61,1
1007,67,289.52,157.81,0
1008,53,80.54,357.81,0
1009,51,52.23,95.84,0
1010,81,374.25,37.84,0
1011,83,341.39,468.13,1
1012,63,396.47,192.79,1
1013,43,107.28,237.59,0
1014,61,40.47,369.92,0
1015,25,480.07,311.88,1
1016,36,168.04,148.47,0
1017,71,188.22,338.99,1
1018,86,487.0,13.59,0
1019,77,34.89,110.91,0
1020,35,159.87,115.59,0
1021,25,299.93,113.19,0
1022,39,175.56,238.61,0
1023,91,478.36,43.88,1
1024,55,27.6,32.74,0
1025,64,392.55,48.15,0
1026,89,301.92,461.78,1
1027,79,27.56,247.71,0
1028,69,361.14,164.41,0
1029,58,384.51,284.05,1
1030,48,479.94,106.24,1
1031,55,26.75,384.61,0
1032,48,217.25,294.24,0
1033,57,476.77,373.43,1
1034,20,400.68,80.53,0
1035,39,469.44,370.36,1
1036,73,93.91,87.38,0
1037,41,193.55,430.12,1
1038,22,371.73,57.84,0
1039,40,157.61,220.65,0
1040,50,169.3,221.27,0
1041,77,285.47,261.86,1
1042,81,181.2,389.16,1
1043,72,101.35,132.29,0
1044,73,387.88,461.48,1
1045,89,432.81,20.16,0
1046,91,257.9,31.71,0
1047,63,223.88,413.76,1
1048,24,114.06,263.78,0
1049,62,495.58,302.68,1
1050,94,268.47,452.17,1
1051,28,211.69,445.9,1
1052,37,351.89,194.0,0
1053,76,98.83,187.88,0
1054,51,346.97,144.34,0
1055,92,36.49,425.36,0
1056,20,208.48,466.95,1
1057,46,398.62,344.43,1
1058,68,490.86,228.55,1
1059,89,450.98,454.87,1
1060,50,443.98,15.46,0
1061,60,85.64,489.0,1
1062,88,117.47,249.41,0
1063,69,390.41,88.13,0
1064,85,101.27,246.93,0
1065,76,87.58,254.72,0
1066,81,216.35,329.04,1
1067,90,371.79,280.89,1
1068,51,253.3,94.72,0
1069,76,58.49,210.93,0
1070,65,50.92,443.44,0
1071,77,256.87,430.61,1
1072,86,186.98,159.94,0
1073,58,103.45,464.52,1
1074,54,404.94,344.38,1
1075,36,284.0,52.91,0
1076,79,191.8,441.34,1
1077,58,99.99,381.37,0
1078,80,138.65,257.8,0
1079,69,431.86,469.91,1
1080,31,262.65,214.39,0
1081,60,31.91,101.99,0
1082,43,199.17,73.37,0
1083,23,448.46,156.17,1
1084,41,309.35,102.52,0
1085,91,86.94,52.85,0
1086,91,125.38,433.62,1
1087,88,465.59,202.64,1
1088,43,111.21,240.14,0
1089,60,280.18,238.6,0
1090,30,444.47,263.78,1
1091,86,111.03,130.99,0
1092,42,140.13,68.8,0
1093,89,411.55,150.23,1
1094,49,381.69,240.44,1
1095,75,443.46,97.94,1
1096,83,498.36,143.63,1
1097,76,325.78,451.95,1
1098,89,263.85,426.27,1
1099,57,17.85,234.95,0
1100,64,27.05,450.3,0
1101,77,152.47,415.81,1
1102,29,410.98,348.05,1
1103,83,319.29,417.61,1
1104,29,364.55,123.78,0
1105,45,48.66,350.27,0
1106,80,265.46,166.96,0
1107,90,145.09,224.19,0
1108,59,14.52,33.94,0
1109,21,91.61,324.47,0
1110,38,254.29,230.63,0
1111,36,372.29,223.66,1
1112,62,375.41,102.47,0
1113,52,275.42,248.89,0
1114,34,498.92,197.95,1
1115,57,330.07,202.31,0
1116,35,343.87,144.6,0
1117,31,141.91,479.55,1
1118,33,497.38,414.68,1
1119,85,170.19,214.18,0
1120,30,44.75,262.14,0
1121,47,99.48,435.79,0
1122,73,114.24,29.2,0
1123,46,132.31,413.48,0
1124,50,302.53,110.07,0
1125,29,449.55,163.16,1
1126,56,429.08,490.41,1
1127,39,432.29,417.58,1
1128,23,407.48,46.28,0
1129,59,207.16,367.66,1
1130,34,482.64,258.01,1
1131,92,177.46,347.31,1
1132,63,405.76,417.16,1
1133,31,123.35,217.15,0
1134,27,186.25,114.13,0
1135,54,257.76,417.97,1
1136,32,272.19,143.82,0
1137,82,117.32,258.54,0
1138,69,412.27,451.09,1
1139,50,374.75,259.3,1
1140,24,204.41,298.58,0
1141,64,301.12,46.46,0
1142,54,348.69,437.31,1
1143,39,127.96,42.54,0
1144,60,188.53,273.56,0
1145,36,115.48,163.19,0
1146,92,254.34,397.97,1
1147,35,188.78,383.94,1
1148,61,295.68,333.21,1
1149,66,421.88,477.34,1
1150,30,400.15,483.21,1
1151,23,260.44,422.4,1
1152,55,442.71,474.56,1
1153,93,427.16,466.81,1
1154,86,159.51,401.37,1
1155,29,421.34,232.49,1
1156,54,424.47,322.02,1
1157,93,247.39,335.91,1
1158,46,437.55,313.8,1
1159,68,111.54,294.85,0
1160,51,351.53,237.68,1
1161,91,76.06,434.63,1
1162,58,141.19,254.97,0
1163,50,388.2,45.44,0
1164,23,54.67,153.3,0
1165,20,236.79,483.91,1
1166,26,180.34,348.04,0
1167,48,166.47,337.14,0
1168,66,131.94,209.33,0
1169,40,49.65,227.96,0
1170,72,381.62,139.45,0
1171,37,314.49,445.81,1
1172,38,387.3,266.71,1
1173,27,282.71,363.69,1
1174,93,207.92,57.51,0
1175,45,330.28,444.4,1
1176,42,171.61,378.07,0
1177,76,280.99,265.86,1
1178,61,402.86,45.72,0
1179,61,249.73,56.94,0
1180,37,289.18,156.0,0
1181,76,429.42,447.43,1
1182,77,207.19,159.42,0
1183,76,16.28,340.99,0
1184,24,408.4,468.67,1
1185,20,475.56,79.85,0
1186,46,424.35,238.33,1
1187,63,426.21,110.14,1
1188,72,473.1,114.39,1
1189,44,241.49,430.07,1
1190,88,317.86,123.59,0
1191,36,298.47,365.27,1
1192,80,239.69,186.46,0
1193,50,240.28,97.8,0
1194,55,23.37,426.18,0
1195,40,422.57,130.6,0
1196,77,119.43,303.88,0
1197,23,365.64,493.07,1
1198,71,189.61,368.43,1
1199,28,13.82,477.1,0
1200,26,282.95,394.63,1
